{
    "global_mean": 0.03589964658021927,
    "global_std": 0.14830686151981354,
    "global_min": -1.4209835529327393,
    "global_max": 1.4517810344696045,
    "percentiles": {
        "99%_CI": {
            "min": -0.37287329211831094,
            "max": 0.4665940858423703,
            "mean": 0.035598356276750565,
            "k": 9.52985215391503
        },
        "98%_CI": {
            "min": -0.31888640075922015,
            "max": 0.40060341358184814,
            "mean": 0.03552033379673958,
            "k": 11.118989929449738
        },
        "95%_CI": {
            "min": -0.25113779306411743,
            "max": 0.3248433358967304,
            "mean": 0.035433802753686905,
            "k": 13.889343934640952
        },
        "90%_CI": {
            "min": -0.19887536764144897,
            "max": 0.2702926695346832,
            "mean": 0.03539532050490379,
            "k": 17.0514599591035
        },
        "85%_CI": {
            "min": -0.16690003871917725,
            "max": 0.23776447772979736,
            "mean": 0.03538688272237778,
            "k": 19.769462541964053
        },
        "80%_CI": {
            "min": -0.1431458294391632,
            "max": 0.21378959715366364,
            "mean": 0.03538774698972702,
            "k": 22.413017604794884
        },
        "75%_CI": {
            "min": -0.1238468661904335,
            "max": 0.1943771094083786,
            "mean": 0.03539443761110306,
            "k": 25.139526287879935
        },
        "70%_CI": {
            "min": -0.10736145079135895,
            "max": 0.17785432934761047,
            "mean": 0.03540463000535965,
            "k": 28.048938933540267
        }
    }
}