{
    "global_mean": 0.022029878571629524,
    "global_std": 0.11712004989385605,
    "global_min": -1.4209835529327393,
    "global_max": 1.4517810344696045,
    "percentiles": {
        "99%_CI": {
            "min": -0.33331233263015747,
            "max": 0.39858153849839795,
            "mean": 0.02182551845908165,
            "k": 10.930546511701584
        },
        "98%_CI": {
            "min": -0.28006693720817566,
            "max": 0.34136247634887695,
            "mean": 0.02172699384391308,
            "k": 12.873545772814518
        },
        "95%_CI": {
            "min": -0.21034714579582214,
            "max": 0.2685181796550751,
            "mean": 0.021475208923220634,
            "k": 16.7061584433311
        },
        "90%_CI": {
            "min": -0.15855664014816284,
            "max": 0.21359241008758545,
            "mean": 0.021098775789141655,
            "k": 21.49676317844201
        },
        "85%_CI": {
            "min": -0.1290368288755417,
            "max": 0.18181899189949036,
            "mean": 0.02075580507516861,
            "k": 25.735403570871657
        },
        "80%_CI": {
            "min": -0.1084255576133728,
            "max": 0.15932448208332062,
            "mean": 0.020433548837900162,
            "k": 29.878613684100216
        },
        "75%_CI": {
            "min": -0.092617928981781,
            "max": 0.14176762104034424,
            "mean": 0.02012832835316658,
            "k": 34.13179694415814
        },
        "70%_CI": {
            "min": -0.07975108176469803,
            "max": 0.12724114954471588,
            "mean": 0.01984069123864174,
            "k": 38.64879348076366
        }
    }
}