{
    "global_mean": 0.035379428416490555,
    "global_std": 0.10289240628480911,
    "global_min": -0.9016573429107666,
    "global_max": 1.004218578338623,
    "percentiles": {
        "99%_CI": {
            "min": -0.2903416767716408,
            "max": 0.38101479411125183,
            "mean": 0.035233158618211746,
            "k": 11.916173220881149
        },
        "98%_CI": {
            "min": -0.23538121655583383,
            "max": 0.31997284740209686,
            "mean": 0.03514725714921951,
            "k": 14.405224557078272
        },
        "95%_CI": {
            "min": -0.16845416463911533,
            "max": 0.24357184767723083,
            "mean": 0.03500963747501373,
            "k": 19.416249850404455
        },
        "90%_CI": {
            "min": -0.12431786954402924,
            "max": 0.19567301869392395,
            "mean": 0.034936077892780304,
            "k": 25.000711876680068
        },
        "85%_CI": {
            "min": -0.09986407216638327,
            "max": 0.17043298482894897,
            "mean": 0.03490590676665306,
            "k": 29.597066608602223
        },
        "80%_CI": {
            "min": -0.08269406855106354,
            "max": 0.1529053896665573,
            "mean": 0.034888431429862976,
            "k": 33.95593546998092
        },
        "75%_CI": {
            "min": -0.06920393649488688,
            "max": 0.13923823833465576,
            "mean": 0.03487737476825714,
            "k": 38.37994881094551
        },
        "70%_CI": {
            "min": -0.057936700992286205,
            "max": 0.12787404656410217,
            "mean": 0.03486912325024605,
            "k": 43.05456011134245
        }
    }
}