{
    "global_mean": -0.005185128655284643,
    "global_std": 0.08636200428009033,
    "global_min": -1.1277897357940674,
    "global_max": 0.7136735916137695,
    "percentiles": {
        "99%_CI": {
            "min": -0.31151016280055044,
            "max": 0.27691299021243765,
            "mean": -0.004971836693584919,
            "k": 13.595658088972952
        },
        "98%_CI": {
            "min": -0.25660345107316973,
            "max": 0.22488762512803095,
            "mean": -0.004856576677411795,
            "k": 16.61505351899199
        },
        "95%_CI": {
            "min": -0.1867449525743723,
            "max": 0.16515296697616577,
            "mean": -0.004595212638378143,
            "k": 22.73386557731858
        },
        "90%_CI": {
            "min": -0.14092716574668884,
            "max": 0.12623222172260284,
            "mean": -0.004364484455436468,
            "k": 29.944671141003983
        },
        "85%_CI": {
            "min": -0.11674872785806656,
            "max": 0.10481342673301697,
            "mean": -0.004233944695442915,
            "k": 36.107249519959076
        },
        "80%_CI": {
            "min": -0.10036599636077881,
            "max": 0.08997131884098053,
            "mean": -0.004151631146669388,
            "k": 42.03064434065346
        },
        "75%_CI": {
            "min": -0.08795863389968872,
            "max": 0.07851499319076538,
            "mean": -0.00409893412142992,
            "k": 48.05565986529007
        },
        "70%_CI": {
            "min": -0.07792714238166809,
            "max": 0.06906722486019135,
            "mean": -0.004065817221999168,
            "k": 54.42385412522017
        }
    }
}